39437187,Joaquin,Argentina
42654789,Ignacio,Peru
42205750,Sol,Espania
39437187,joaquin,argentina
42123456,sol,ucrania
45789456,ignacio,belgica
39437187,joaquin,aergentina
42123456,sol,ucrania
45789123,pedro,peru
39437187,joauqin,argentina
42456789,pedro,peru
45456789,sol,ucrania
39437187,joaquin,argentina
12456897,sol,ucrania
45789123,alisa,somalia
39437817,joawuin,asd
39437817,01sda2,]
39437817,\s,
39437187,joiaquin,aasd
12345678,ana,465978
12345689,zuluaga,peru
39437187,joa,armentia
45789123,ana,pesa
23456789,zulu,pasd
